{"cameraMode":{"drawMode":0,"name":"Shaded","section":"Shading Mode"},"sceneLighting":true,"audioPlay":false,"sceneViewState":{"m_AlwaysRefresh":false,"showFog":true,"showSkybox":true,"showFlares":true,"showImageEffects":true,"showParticleSystems":true,"showVisualEffectGraphs":true,"m_FxEnabled":true},"in2DMode":false,"pivot":{"x":699.0122680664063,"y":310.2829284667969,"z":100.39698791503906},"rotation":{"x":-0.0996459349989891,"y":-0.00239313836209476,"z":0.00024347413273062557,"w":-0.9950410723686218},"size":1003.3302612304688,"orthographic":false}